number,values_0,values_1,params_activation_function,params_batch_size,params_n_hidden_layers,params_optimizer,user_attrs_accuracy,user_attrs_activation_function,user_attrs_auroc,user_attrs_batch_size,user_attrs_f1,user_attrs_ks_statistic,user_attrs_max_distance_at,user_attrs_n_hidden_layers,user_attrs_optimizer,user_attrs_precision,user_attrs_recall,system_attrs_nsga2:generation,params_dropout,user_attrs_dropout,params_units_per_layer,user_attrs_units_per_layer
10,0.431994013391578,0.0455503798249367,softmax,64,220,SGD,0.9507237449953804,softmax,0.431994013391578,64,0.9480547395572114,0.0455503798249367,0.5001702904701233,220,SGD,0.9480547395572114,0.9379740554334728,0,,,,
3,0.4636891808304275,0.0508497303003204,softmax,64,280,SGD,0.9507237449953804,softmax,0.4636891808304275,64,0.9480547395572114,0.0508497303003204,0.499692291021347,280,SGD,0.9480547395572114,0.9379740554334728,0,,,,
37,0.6759886371283716,0.2666991526833558,softmax,64,180,SGD,0.9507237449953804,softmax,0.6759886371283716,64,0.9480547395572114,0.2666991526833558,0.5008479952812195,180,SGD,0.9480547395572114,0.9379740554334728,0,,,,
39,0.8203129468002277,0.5069490077279113,softmax,64,40,SGD,0.9507237449953804,softmax,0.8203129468002277,64,0.9480547395572114,0.5069490077279113,0.5056591629981995,40,SGD,0.9480547395572114,0.9379740554334728,0,,,,
46,0.837507261862344,0.5321433199797252,sigmoid,128,320,SGD,0.9507237449953804,sigmoid,0.837507261862344,128,0.9480547395572114,0.5321433199797252,0.4968731701374054,320,SGD,0.9480547395572114,0.9379740554334728,0,,,,
44,0.8519853982701144,0.5699428235837858,sigmoid,96,320,SGD,0.9507237449953804,sigmoid,0.8519853982701144,96,0.9480547395572114,0.5699428235837858,0.4954763650894165,320,SGD,0.9480547395572114,0.9379740554334728,0,,,,
28,0.8641617501909624,0.5769044680224454,tanh,64,310,SGD,0.9507237449953804,tanh,0.8641617501909624,64,0.9480547395572114,0.5769044680224454,0.4817126989364624,310,SGD,0.9480547395572114,0.9379740554334728,0,,,,
34,0.8643733760104026,0.5747188401343988,tanh,160,500,SGD,0.9507237449953804,tanh,0.8643733760104026,160,0.9480547395572114,0.5747188401343988,0.5968590378761292,500,SGD,0.9480547395572114,0.9379740554334728,0,,,,
23,0.8660185919812086,0.5717721838576676,tanh,32,330,SGD,0.9507237449953804,tanh,0.8660185919812086,32,0.9480547395572114,0.5717721838576676,0.4950640797615051,330,SGD,0.9480547395572114,0.9379740554334728,0,,,,
26,0.8680187032274985,0.5830024462641488,tanh,96,460,SGD,0.9507237449953804,tanh,0.8680187032274985,96,0.9480547395572114,0.5830024462641488,0.5983862280845642,460,SGD,0.9480547395572114,0.9379740554334728,0,,,,
32,0.8744400013741144,0.5805544681396058,tanh,96,440,SGD,0.9507237449953804,tanh,0.8744400013741144,96,0.9480547395572114,0.5805544681396058,0.6313561797142029,440,SGD,0.9480547395572114,0.9379740554334728,0,,,,
11,0.8750111258836003,0.5866211161401501,tanh,96,460,SGD,0.9507237449953804,tanh,0.8750111258836003,96,0.9480547395572114,0.5866211161401501,0.4777957499027252,460,SGD,0.9480547395572114,0.9379740554334728,0,,,,
35,0.8835913926470156,0.6028396771686553,relu,128,100,SGD,0.9507237449953804,relu,0.8835913926470156,128,0.9480547395572114,0.6028396771686553,0.6239860653877258,100,SGD,0.9480547395572114,0.9379740554334728,0,,,,
21,0.8845826110653092,0.612048278172209,tanh,32,160,SGD,0.9507237449953804,tanh,0.8845826110653092,32,0.9480547395572114,0.612048278172209,0.5183911323547363,160,SGD,0.9480547395572114,0.9379740554334728,0,,,,
40,0.8861126779770304,0.6077066425218443,softmax,128,410,rmsprop,0.9507237449953804,softmax,0.8861126779770304,128,0.9480547395572114,0.6077066425218443,0.5020540356636047,410,rmsprop,0.9480547395572114,0.9379740554334728,0,,,,
22,0.8863257494809598,0.6198159351420155,softmax,96,340,adam,0.9507237449953804,softmax,0.8863257494809598,96,0.9480547395572114,0.6198159351420155,0.5068696141242981,340,adam,0.9480547395572114,0.9379740554334728,0,,,,
38,0.890356894952446,0.6239122522246855,tanh,160,160,SGD,0.9507237449953804,tanh,0.890356894952446,160,0.9480547395572114,0.6239122522246855,0.6158874034881592,160,SGD,0.9480547395572114,0.9379740554334728,0,,,,
1,0.8970856143348994,0.6357972108990126,softmax,128,180,adam,0.9507237449953804,softmax,0.8970856143348994,128,0.9480547395572114,0.6357972108990126,0.4966865479946136,180,adam,0.9480547395572114,0.9379740554334728,0,,,,
36,0.8989774941899408,0.6430834221213297,softmax,32,90,rmsprop,0.9507237449953804,softmax,0.8989774941899408,32,0.9480547395572114,0.6430834221213297,0.5148572325706482,90,rmsprop,0.9480547395572114,0.9379740554334728,0,,,,
27,0.9009202567345728,0.6487648926782319,softmax,160,180,adam,0.9507237449953804,softmax,0.9009202567345728,160,0.9480547395572114,0.6487648926782319,0.5103272795677185,180,adam,0.9480547395572114,0.9379740554334728,0,,,,
18,0.9117328630153032,0.6826351416499227,tanh,64,50,SGD,0.9507237449953804,tanh,0.9117328630153032,64,0.9480547395572114,0.6826351416499227,0.5553234815597534,50,SGD,0.9480547395572114,0.9379740554334728,0,,,,
13,0.9126165371767648,0.6912813076921482,tanh,32,50,SGD,0.9507237449953804,tanh,0.9126165371767648,32,0.9480547395572114,0.6912813076921482,0.5904662609100342,50,SGD,0.9480547395572114,0.9379740554334728,0,,,,
19,0.9141515221179632,0.6937658467720902,sigmoid,128,470,rmsprop,0.9507237449953804,sigmoid,0.9141515221179632,128,0.9480547395572114,0.6937658467720902,0.666261613368988,470,rmsprop,0.9480547395572114,0.9379740554334728,0,,,,
47,0.9151152300676,0.6972708692479288,sigmoid,160,410,rmsprop,0.9507237449953804,sigmoid,0.9151152300676,160,0.9480547395572114,0.6972708692479288,0.5622861385345459,410,rmsprop,0.9480547395572114,0.9379740554334728,0,,,,
4,0.9151498801716712,0.6972555515548634,sigmoid,128,430,rmsprop,0.9507237449953804,sigmoid,0.9151498801716712,128,0.9480547395572114,0.6972555515548634,0.5877752304077148,430,rmsprop,0.9480547395572114,0.9379740554334728,0,,,,
5,0.9168992317493654,0.7048880708026083,sigmoid,64,330,rmsprop,0.9507237449953804,sigmoid,0.9168992317493654,64,0.9480547395572114,0.7048880708026083,0.6236340403556824,330,rmsprop,0.9480547395572114,0.9379740554334728,0,,,,
7,0.9182569379411964,0.7109416941316802,softmax,96,50,rmsprop,0.9507237449953804,softmax,0.9182569379411964,96,0.9480547395572114,0.7109416941316802,0.5661588311195374,50,rmsprop,0.9480547395572114,0.9379740554334728,0,,,,
2,0.9183231267429351,0.7088376113414948,sigmoid,32,340,rmsprop,0.9507237449953804,sigmoid,0.9183231267429351,32,0.9480547395572114,0.7088376113414948,0.5812560319900513,340,rmsprop,0.9480547395572114,0.9379740554334728,0,,,,
41,0.9195578571058506,0.7122719245976059,sigmoid,64,240,adam,0.9507237449953804,sigmoid,0.9195578571058506,64,0.9480547395572114,0.7122719245976059,0.5933231115341187,240,adam,0.9480547395572114,0.9379740554334728,0,,,,
31,0.9203068432708662,0.716864437655891,sigmoid,160,280,rmsprop,0.9507237449953804,sigmoid,0.9203068432708662,160,0.9480547395572114,0.716864437655891,0.6040511131286621,280,rmsprop,0.9480547395572114,0.9379740554334728,0,,,,
33,0.9264410601324414,0.7375940168287942,tanh,160,390,rmsprop,0.9507237449953804,tanh,0.9264410601324414,160,0.9480547395572114,0.7375940168287942,0.5523278117179871,390,rmsprop,0.9480547395572114,0.9379740554334728,0,,,,
0,0.9267963472289552,0.7376041771534284,tanh,128,250,adam,0.9507237449953804,tanh,0.9267963472289552,128,0.9480547395572114,0.7376041771534284,0.6581937074661255,250,adam,0.9480547395572114,0.9379740554334728,0,,,,
9,0.926802409839076,0.7375827563170323,tanh,64,270,rmsprop,0.9507237449953804,tanh,0.926802409839076,64,0.9480547395572114,0.7375827563170323,0.5257210731506348,270,rmsprop,0.9480547395572114,0.9379740554334728,0,,,,
29,0.9268656995512252,0.7397366833745717,tanh,32,350,rmsprop,0.9507237449953804,tanh,0.9268656995512252,32,0.9480547395572114,0.7397366833745717,0.5771037936210632,350,rmsprop,0.9480547395572114,0.9379740554334728,0,,,,
45,0.9274159842003246,0.7406321893730408,tanh,64,160,rmsprop,0.9507237449953804,tanh,0.9274159842003246,64,0.9480547395572114,0.7406321893730408,0.7452638149261475,160,rmsprop,0.9480547395572114,0.9379740554334728,0,,,,
43,0.9274484397205986,0.7394782474880672,tanh,96,360,adam,0.9507237449953804,tanh,0.9274484397205986,96,0.9480547395572114,0.7394782474880672,0.4989110231399536,360,adam,0.9480547395572114,0.9379740554334728,0,,,,
16,0.9275968433832396,0.7409879126841002,tanh,96,140,rmsprop,0.9507237449953804,tanh,0.9275968433832396,96,0.9480547395572114,0.7409879126841002,0.638104259967804,140,rmsprop,0.9480547395572114,0.9379740554334728,0,,,,
30,0.9279889848183868,0.7431905722409484,tanh,64,140,rmsprop,0.9507237449953804,tanh,0.9279889848183868,64,0.9480547395572114,0.7431905722409484,0.5130085349082947,140,rmsprop,0.9480547395572114,0.9379740554334728,0,,,,
42,0.9282138263944316,0.7416478589677146,tanh,64,110,adam,0.9507237449953804,tanh,0.9282138263944316,64,0.9480547395572114,0.7416478589677146,0.5585554838180542,110,adam,0.9480547395572114,0.9379740554334728,0,,,,
14,0.9356517167487868,0.7519628158677295,relu,64,420,rmsprop,0.9507237449953804,relu,0.9356517167487868,64,0.9480547395572114,0.7519628158677295,0.6141017079353333,420,rmsprop,0.9480547395572114,0.9379740554334728,0,,,,
25,0.9367650096146124,0.7614682821011509,relu,96,190,adam,0.9507237449953804,relu,0.9367650096146124,96,0.9480547395572114,0.7614682821011509,0.4820257425308227,190,adam,0.9480547395572114,0.9379740554334728,0,,,,
24,0.9371669369247392,0.7562128889269103,relu,160,330,rmsprop,0.9507237449953804,relu,0.9371669369247392,160,0.9480547395572114,0.7562128889269103,0.6471478939056396,330,rmsprop,0.9480547395572114,0.9379740554334728,0,,,,
20,0.937187520074796,0.7559684698104463,relu,32,320,adam,0.9507237449953804,relu,0.937187520074796,32,0.9480547395572114,0.7559684698104463,0.5097911357879639,320,adam,0.9480547395572114,0.9379740554334728,0,,,,
17,0.9385793861118732,0.7618127564813655,relu,32,310,adam,0.9507237449953804,relu,0.9385793861118732,32,0.9480547395572114,0.7618127564813655,0.5376631021499634,310,adam,0.9480547395572114,0.9379740554334728,0,,,,
6,0.9423130525648834,0.762645490048651,relu,160,50,rmsprop,0.9507237449953804,relu,0.9423130525648834,160,0.9480547395572114,0.762645490048651,0.5326749086380005,50,rmsprop,0.9480547395572114,0.9379740554334728,0,,,,
15,0.9442287582267797,0.7672522090319566,relu,128,200,rmsprop,0.9507237449953804,relu,0.9442287582267797,128,0.9480547395572114,0.7672522090319566,0.3621248602867126,200,rmsprop,0.9480547395572114,0.9379740554334728,0,,,,
8,0.9455410652932842,0.7689032810865275,relu,64,120,rmsprop,0.9507237449953804,relu,0.9455410652932842,64,0.9480547395572114,0.7689032810865275,0.5375068187713623,120,rmsprop,0.9480547395572114,0.9379740554334728,0,,,,
49,0.9490203704124692,0.7725561687123604,relu,160,120,rmsprop,0.9507237449953804,relu,0.9490203704124692,160,0.9480547395572114,0.7725561687123604,0.4393729567527771,120,rmsprop,0.9480547395572114,0.9379740554334728,0,,,,
48,0.963771887880308,0.8074760348071568,relu,32,10,adam,0.9507237449953804,relu,0.963771887880308,32,0.9480547395572114,0.8074760348071568,0.5028023719787598,10,adam,0.9480547395572114,0.9379740554334728,0,,,,
12,0.9906909750735002,0.8998487536082326,relu,64,60,rmsprop,0.9507237449953804,relu,0.9906909750735002,64,0.9480547395572114,0.8998487536082326,0.4813582897186279,60,rmsprop,0.9480547395572114,0.9379740554334728,0,,,,
44,0.2347241323819115,0.0,softmax,64,350,SGD,0.4344625808438558,softmax,0.2347241323819115,64,0.4344625808438558,0.0,0.0,350,SGD,0.4344625808438558,1.0,0,,,,
43,0.4888687853174785,0.0139858991756629,softmax,96,460,SGD,0.4344625808438558,softmax,0.4888687853174785,96,0.4344625808438558,0.0139858991756629,0.5047885775566101,460,SGD,0.4344625808438558,1.0,0,,,,
19,0.5446243639002725,0.0744933114239366,softmax,160,110,SGD,0.5161995688327687,softmax,0.5446243639002725,160,0.4620415126528291,0.0744933114239366,0.4996117949485779,110,SGD,0.4620415126528291,0.6911462394555894,0,,,,
49,0.6152378480461763,0.2216403943717653,softmax,160,140,SGD,0.5987064983061288,softmax,0.6152378480461763,160,0.5306157257376769,0.2216403943717653,0.4999130368232727,140,SGD,0.5306157257376769,0.6615864464450273,0,,,,
14,0.7654738530472951,0.4509286295446467,softmax,160,260,SGD,0.6693255312596242,softmax,0.7654738530472951,160,0.7071042281219272,0.4509286295446467,0.4996552169322967,260,SGD,0.7071042281219272,0.4078117246756929,0,,,,
9,0.8630803666121526,0.581317546350623,sigmoid,96,20,SGD,0.7878041268863566,sigmoid,0.8630803666121526,96,0.7505032974661576,0.581317546350623,0.4858404397964477,20,SGD,0.7505032974661576,0.7663571276671156,0,,,,
17,0.8792566553629582,0.5944821925081882,sigmoid,128,460,SGD,0.7990144748999076,sigmoid,0.8792566553629582,128,0.7701133043540227,0.5944821925081882,0.4743404388427734,460,SGD,0.7701133043540227,0.7660735804919544,0,,,,
34,0.889364340868376,0.6163094110072548,sigmoid,64,500,SGD,0.8093316907914998,sigmoid,0.889364340868376,64,0.7816280062615626,0.6163094110072548,0.4403009116649627,500,SGD,0.7816280062615626,0.7786914297866308,0,,,,
15,0.8911888236459907,0.6152522122437308,sigmoid,96,360,SGD,0.8128734216199569,sigmoid,0.8911888236459907,96,0.8092414324220254,0.6152522122437308,0.4511172175407409,360,SGD,0.8092414324220254,0.7448784291486497,0,,,,
39,0.8925957236436635,0.6232600304128009,softmax,96,460,rmsprop,0.8117955035417308,softmax,0.8925957236436635,96,0.771640168501155,0.6232600304128009,0.4932787120342254,460,rmsprop,0.771640168501155,0.8050613170766286,0,,,,
4,0.8953424624081789,0.6305840803517075,softmax,96,380,rmsprop,0.816661533723437,softmax,0.8953424624081789,96,0.7846669459572685,0.6305840803517075,0.4828939437866211,380,rmsprop,0.7846669459572685,0.7966257886155809,0,,,,
36,0.8988502353518375,0.6336815008680226,sigmoid,32,140,SGD,0.8137665537419156,sigmoid,0.8988502353518375,32,0.7639507466596803,0.6336815008680226,0.5172280669212341,140,SGD,0.7639507466596803,0.8268235627702559,0,,,,
8,0.900359597513872,0.6530103526720868,tanh,160,70,SGD,0.8201108715737604,tanh,0.900359597513872,160,0.7713366596638656,0.6530103526720868,0.5523226261138916,70,SGD,0.7713366596638656,0.8328489402424328,0,,,,
25,0.9019898451492794,0.6548611685251163,relu,128,190,SGD,0.8181706190329535,relu,0.9019898451492794,128,0.7613585675141783,0.6548611685251163,0.5904763340950012,190,SGD,0.7613585675141783,0.8469554122067059,0,,,,
24,0.9044456558341124,0.6619236364283632,relu,128,160,SGD,0.821835540498922,relu,0.9044456558341124,128,0.7673820845649659,0.6619236364283632,0.5801257491111755,160,SGD,0.7673820845649659,0.846530091443964,0,,,,
2,0.9087017278083696,0.672941002974825,relu,96,250,SGD,0.831413612565445,relu,0.9087017278083696,96,0.7872496173554269,0.672941002974825,0.5745145678520203,250,SGD,0.7872496173554269,0.8385907705394485,0,,,,
26,0.9136110136930796,0.6917230579160005,tanh,96,130,SGD,0.8318447797967354,tanh,0.9136110136930796,96,0.7787376700406163,0.6917230579160005,0.6195036768913269,130,SGD,0.7787376700406163,0.8562415821932374,0,,,,
45,0.9226141499251094,0.7277859952748854,softmax,32,150,rmsprop,0.8599014474899908,softmax,0.9226141499251094,32,0.8352743089659043,0.7277859952748854,0.6283594369888306,150,rmsprop,0.8352743089659043,0.8439781668675126,0,,,,
47,0.92315061467976,0.725197687317098,sigmoid,64,30,rmsprop,0.859008315368032,sigmoid,0.92315061467976,64,0.826045302128242,0.725197687317098,0.5744550228118896,30,rmsprop,0.826045302128242,0.8556744878429149,0,,,,
27,0.923857471398387,0.73031280856268,sigmoid,128,160,adam,0.8632275947028026,sigmoid,0.923857471398387,128,0.8383032339353212,0.73031280856268,0.590305745601654,160,adam,0.8383032339353212,0.8489402424328347,0,,,,
48,0.92440415631241,0.7315994754786452,sigmoid,128,160,rmsprop,0.8599322451493686,sigmoid,0.92440415631241,128,0.8265354922456788,0.7315994754786452,0.6019056439399719,160,rmsprop,0.8265354922456788,0.8575884312752534,0,,,,
12,0.9247019769679417,0.7353394902043989,sigmoid,128,270,rmsprop,0.859008315368032,sigmoid,0.9247019769679417,128,0.8221651227263507,0.7353394902043989,0.6023266315460205,270,rmsprop,0.8221651227263507,0.8619125256964627,0,,,,
31,0.9249301750798036,0.7348541764305861,sigmoid,160,340,adam,0.8687403757314444,sigmoid,0.9249301750798036,160,0.8535516770810888,0.7348541764305861,0.5551605224609375,340,adam,0.8535516770810888,0.8424186574041256,0,,,,
20,0.9253163832250708,0.736723633699899,sigmoid,128,440,rmsprop,0.8603942100400369,sigmoid,0.9253163832250708,128,0.8245863845945213,0.736723633699899,0.6180338263511658,440,rmsprop,0.8245863845945213,0.8620542992840434,0,,,,
38,0.925428000104429,0.7309356495877901,softmax,64,160,adam,0.865291037881121,softmax,0.925428000104429,64,0.8465427615181941,0.7309356495877901,0.56947922706604,160,adam,0.8465427615181941,0.8427022045792869,0,,,,
40,0.9254727506983956,0.7328281837646498,softmax,64,480,adam,0.8664921465968587,softmax,0.9254727506983956,64,0.8507537688442212,0.7328281837646498,0.5823066234588623,480,adam,0.8507537688442212,0.8400793932090451,0,,,,
46,0.925768500299913,0.7371192301086582,sigmoid,32,100,rmsprop,0.8652294425623652,sigmoid,0.925768500299913,32,0.8362241724828968,0.7371192301086582,0.5875256061553955,100,rmsprop,0.8362241724828968,0.8578010916566243,0,,,,
41,0.9258059259637912,0.736328948323288,sigmoid,64,220,rmsprop,0.843178318447798,sigmoid,0.9258059259637912,64,0.7803694719164023,0.736328948323288,0.6761276125907898,220,rmsprop,0.7803694719164023,0.8893457148933154,0,,,,
5,0.9258487541255136,0.7360483581423021,tanh,32,390,SGD,0.8640591315060056,tanh,0.9258487541255136,32,0.8338039809904263,0.7360483581423021,0.584074854850769,390,SGD,0.8338039809904263,0.858155525625576,0,,,,
33,0.9260639044040688,0.737223531708692,sigmoid,96,390,rmsprop,0.8692947336002463,sigmoid,0.9260639044040688,96,0.9289379838218664,0.737223531708692,0.3733487427234649,390,rmsprop,0.9289379838218664,0.7570709576805841,0,,,,
30,0.9262756653342088,0.7393327834482258,sigmoid,64,370,adam,0.861749307052664,sigmoid,0.9262756653342088,64,0.8234028244788164,0.7393327834482258,0.6211952567100525,370,adam,0.8234028244788164,0.8679379031686397,0,,,,
0,0.9263971395042028,0.7400582584213022,sigmoid,32,450,rmsprop,0.863658761934093,sigmoid,0.9263971395042028,32,0.8290278721957852,0.7400582584213022,0.5828801393508911,450,rmsprop,0.8290278721957852,0.8644644502729142,0,,,,
6,0.9265069188780416,0.7401701300808374,tanh,128,420,adam,0.8419156144133045,tanh,0.9265069188780416,128,0.7763271338834832,0.7401701300808374,0.7019460201263428,420,adam,0.7763271338834832,0.8935989225207344,0,,,,
3,0.9265936541569332,0.7371650056137917,tanh,64,490,adam,0.8618109023714198,tanh,0.9265936541569332,64,0.8233396074213498,0.7371650056137917,0.5985199213027954,490,adam,0.8233396074213498,0.8682214503438009,0,,,,
37,0.9268223000642576,0.7390868858346742,sigmoid,32,490,adam,0.8691407453033569,sigmoid,0.9268223000642576,32,0.8453615470852018,0.7390868858346742,0.5481503009796143,490,adam,0.8453615470852018,0.855249167080173,0,,,,
42,0.927575279715532,0.7415666342752275,tanh,128,140,adam,0.8656606097936557,tanh,0.927575279715532,128,0.8296015693702226,0.7415666342752275,0.5899472236633301,140,adam,0.8296015693702226,0.869355639044446,0,,,,
35,0.9279514356247256,0.7352970268415665,relu,32,250,SGD,0.8614413304588852,relu,0.9279514356247256,32,0.8251218191662155,0.7352970268415665,0.5818386077880859,250,SGD,0.8251218191662155,0.8642517898915432,0,,,,
29,0.928766473550627,0.7439694043595768,tanh,32,40,rmsprop,0.8678472436094857,tanh,0.928766473550627,32,0.8370416151627523,0.7439694043595768,0.5989434719085693,40,rmsprop,0.8370416151627523,0.8640391295101723,0,,,,
32,0.933192298608266,0.747860418803563,relu,128,30,rmsprop,0.8770865414228519,relu,0.933192298608266,128,0.8725692398350029,0.747860418803563,0.4831305146217346,30,rmsprop,0.8725692398350029,0.8397249592400936,0,,,,
28,0.9390202677669404,0.7547133608936771,relu,96,20,rmsprop,0.8735756082537727,relu,0.9390202677669404,96,0.8403429971416905,0.7547133608936771,0.5561264157295227,20,rmsprop,0.8403429971416905,0.8753101297228326,0,,,,
10,0.9414127269747328,0.763964093273772,relu,160,130,adam,0.8843855866954111,relu,0.9414127269747328,160,0.8730273113785401,0.763964093273772,0.5082319378852844,130,adam,0.8730273113785401,0.8587935067696888,0,,,,
23,0.9427098167161204,0.7648854324380663,relu,128,80,rmsprop,0.8858638743455497,relu,0.9427098167161204,128,0.9053706446332528,0.7648854324380663,0.3869271278381347,80,rmsprop,0.9053706446332528,0.8233501098745304,0,,,,
7,0.9556089973704792,0.7909863683688001,relu,160,170,rmsprop,0.8877425315676009,relu,0.9556089973704792,160,0.9370091896407686,0.7909863683688001,0.3470081686973572,170,rmsprop,0.9370091896407686,0.795066279152194,0,,,,
16,0.956183986045983,0.795508905665443,relu,160,170,adam,0.9004311672312905,relu,0.956183986045983,160,0.9069610778443112,0.795508905665443,0.4435380399227142,170,adam,0.9069610778443112,0.8589352803572694,0,,,,
21,0.9644349918939948,0.8086604460851156,relu,160,170,adam,0.9066522944256236,relu,0.9644349918939948,160,0.9197362437471578,0.8086604460851156,0.4599553346633911,170,adam,0.9197362437471578,0.8602112426454951,0,,,,
18,0.9724780527240632,0.8275550945629945,relu,96,380,rmsprop,0.915337234370188,relu,0.9724780527240632,96,0.9083848698403568,0.8275550945629945,0.4694837033748626,380,rmsprop,0.9083848698403568,0.8954419791592826,0,,,,
1,0.9750213340760252,0.8408993530247296,relu,32,190,rmsprop,0.9162919618109024,relu,0.9750213340760252,32,0.952411217923254,0.8408993530247296,0.3039450943470001,190,rmsprop,0.952411217923254,0.8497908839583186,0,,,,
22,0.9805531232090956,0.8567386776200834,relu,32,310,adam,0.9294425623652602,relu,0.9805531232090956,32,0.9318082151732204,0.8567386776200834,0.4287708699703216,310,adam,0.9318082151732204,0.9037357340327496,0,,,,
13,0.9814595963360928,0.861432346129247,relu,32,470,adam,0.9299045272559284,relu,0.9814595963360928,32,0.9127764984997556,0.861432346129247,0.553864598274231,470,adam,0.9127764984997556,0.9272701495711348,0,,,,
11,0.9815576268694974,0.8610228989435931,relu,32,320,adam,0.9306744687403756,relu,0.9815576268694974,32,0.9144874842679346,0.8610228989435931,0.5256930589675903,320,adam,0.9144874842679346,0.9271283759835542,0,,,,
4,0.3610403301540357,4.41194339829698e-05,softmax,128,290,SGD,0.5616569140745303,softmax,0.3610403301540357,128,0.146067415730337,4.41194339829698e-05,0.5001628994941711,290,SGD,0.146067415730337,0.0018430566385482,0,10.0,10.0,,
47,0.42833522914877,0.0064274437533094,softmax,160,60,SGD,0.5010163227594703,softmax,0.42833522914877,160,0.2868769074262461,0.0064274437533094,0.4929946660995483,60,SGD,0.2868769074262461,0.0999503792443467,0,10.0,10.0,,
36,0.8395714445326897,0.5505220308785777,sigmoid,128,10,SGD,0.7752386818601786,sigmoid,0.8395714445326897,128,0.7501653317657433,0.5505220308785777,0.4926412403583526,10,SGD,0.7501653317657433,0.7236832778053449,0,60.0,60.0,,
0,0.8821696401231158,0.6027084074729172,sigmoid,160,60,SGD,0.8047120418848167,sigmoid,0.8821696401231158,160,0.7754682179341658,0.6027084074729172,0.4998929500579834,60,SGD,0.7754682179341658,0.7748635429219536,0,70.0,70.0,,
29,0.8830483518615847,0.6076623223519642,sigmoid,160,370,SGD,0.8027717893440098,sigmoid,0.8830483518615847,160,0.775796634443251,0.6076623223519642,0.4647281169891357,370,SGD,0.775796634443251,0.7679875239242929,0,30.0,30.0,,
17,0.8836845958681272,0.6134369034826408,sigmoid,128,40,SGD,0.7922081921773945,sigmoid,0.8836845958681272,128,0.730692076228686,0.6134369034826408,0.5605797171592712,40,SGD,0.730692076228686,0.8262564684199334,0,0.0,0.0,,
5,0.8851361036284554,0.609966338095588,sigmoid,96,280,SGD,0.8011087157376039,sigmoid,0.8851361036284554,96,0.7469171670217574,0.609966338095588,0.4908343255519867,280,SGD,0.7469171670217574,0.8200893173601758,0,0.0,0.0,,
6,0.8856619448217861,0.606175556489415,sigmoid,64,170,SGD,0.8013242993532491,sigmoid,0.8856619448217861,64,0.7576389823664019,0.606175556489415,0.4704384207725525,170,SGD,0.7576389823664019,0.797972637697597,0,0.0,0.0,,
16,0.8923941674316731,0.6249254975473721,softmax,160,500,adam,0.8114259316291962,softmax,0.8923941674316731,160,0.775006888950124,0.6249254975473721,0.4776439070701599,500,adam,0.775006888950124,0.7974764301410647,0,80.0,80.0,,
13,0.8941283499380717,0.6269524128263737,softmax,96,280,rmsprop,0.8141669233138281,softmax,0.8941283499380717,96,0.7780150148081824,0.6269524128263737,0.4677924811840057,280,rmsprop,0.7780150148081824,0.8007372226554192,0,40.0,40.0,,
44,0.8983796486443161,0.638244100417345,sigmoid,32,460,SGD,0.8151216507545427,sigmoid,0.8983796486443161,32,0.7611497808713586,0.638244100417345,0.5252495408058167,460,SGD,0.7611497808713586,0.8371730346636421,0,30.0,30.0,,
18,0.9007962926673944,0.6465245719788568,softmax,128,410,adam,0.8248229134585772,softmax,0.9007962926673944,128,0.7928755305085925,0.6465245719788568,0.4945034682750702,410,adam,0.7928755305085925,0.8078259020344509,0,70.0,70.0,,
24,0.9011311336547044,0.6481645726766457,tanh,160,260,SGD,0.8118570988604866,tanh,0.9011311336547044,160,0.7482925617782193,0.6481645726766457,0.5894458889961243,260,SGD,0.7482925617782193,0.8543276387608989,0,20.0,20.0,,
31,0.9032977765592594,0.6609258747918875,softmax,160,410,rmsprop,0.8084077610101632,softmax,0.9032977765592594,160,0.7359947330620062,0.6609258747918875,0.5299366116523743,410,rmsprop,0.7359947330620062,0.8716949032395265,0,40.0,40.0,,
34,0.9049182672719795,0.6547254749190321,relu,64,170,SGD,0.8189713581767786,relu,0.9049182672719795,64,0.7593444689568232,0.6547254749190321,0.5567588210105896,170,SGD,0.7593444689568232,0.8539732047919473,0,80.0,80.0,,
20,0.9066315944767688,0.6648971797343787,sigmoid,128,100,adam,0.8170619032953496,sigmoid,0.9066315944767688,128,0.7497706281729769,0.6648971797343787,0.5964455604553223,100,adam,0.7497706281729769,0.8689303182817041,0,70.0,70.0,,
1,0.906992710634908,0.669531422697411,softmax,64,390,adam,0.8313828149060671,softmax,0.906992710634908,64,0.791070946857297,0.669531422697411,0.5678026080131531,390,adam,0.791070946857297,0.8315020911604168,0,80.0,80.0,,
10,0.9082439804776464,0.6751763322989142,relu,96,410,SGD,0.8299969202340622,relu,0.9082439804776464,96,0.781929213999606,0.6751763322989142,0.5708945989608765,410,SGD,0.781929213999606,0.8441199404550932,0,70.0,70.0,,
30,0.908887865959346,0.6741015923062348,softmax,128,410,adam,0.833353865106252,softmax,0.908887865959346,128,0.7929524322867538,0.6741015923062348,0.5733368992805481,410,adam,0.7929524322867538,0.8342666761182391,0,50.0,50.0,,
26,0.9089006165491128,0.6732684804289893,sigmoid,128,40,rmsprop,0.826516784724361,sigmoid,0.9089006165491128,128,0.7706310679611651,0.6732684804289893,0.5984179377555847,40,rmsprop,0.7706310679611651,0.855249167080173,0,50.0,50.0,,
11,0.9108255946653294,0.683387951447746,softmax,64,150,rmsprop,0.8350169387126578,softmax,0.9108255946653294,64,0.7910457690260777,0.683387951447746,0.600155770778656,150,rmsprop,0.7910457690260777,0.8429148649606578,0,30.0,30.0,,
40,0.919363438599122,0.7093783050610526,relu,64,260,SGD,0.8469048352325224,relu,0.919363438599122,64,0.8056745182012848,0.7093783050610526,0.6018163561820984,260,SGD,0.8056745182012848,0.853476997235415,0,30.0,30.0,,
19,0.9203905578605376,0.7156986793751328,sigmoid,96,90,rmsprop,0.8493378503233754,sigmoid,0.9203905578605376,96,0.8056790287268626,0.7156986793751328,0.6287418007850647,90,rmsprop,0.8056790287268626,0.860849223789608,0,50.0,50.0,,
45,0.9239834119420895,0.7297926014855359,sigmoid,160,190,adam,0.8619340930089313,sigmoid,0.9239834119420895,160,0.8357053160318125,0.7297926014855359,0.5902613401412964,190,adam,0.8357053160318125,0.8491529028142057,0,20.0,20.0,,
9,0.9244688048521696,0.7327585863129673,sigmoid,160,260,adam,0.8682784108407761,sigmoid,0.9244688048521696,160,0.856159420289855,0.7327585863129673,0.5540605187416077,260,adam,0.856159420289855,0.8375274686325938,0,20.0,20.0,,
42,0.9250977470904576,0.736227236988387,sigmoid,160,410,rmsprop,0.8633199876809362,sigmoid,0.9250977470904576,160,0.938185443668993,0.736227236988387,0.3359609544277191,410,rmsprop,0.938185443668993,0.7337492025235699,0,10.0,10.0,,
33,0.9255498718859112,0.7369344488551397,sigmoid,64,260,rmsprop,0.8528487834924545,sigmoid,0.9255498718859112,64,0.8029486263557836,0.7369344488551397,0.656953752040863,260,rmsprop,0.8029486263557836,0.8763734316296874,0,30.0,30.0,,
46,0.9257232304948276,0.7357136773576791,sigmoid,64,230,rmsprop,0.86282722513089,sigmoid,0.9257232304948276,64,0.8297465327594452,0.7357136773576791,0.599525511264801,230,rmsprop,0.8297465327594452,0.8609201105833983,0,20.0,20.0,,
38,0.9257695792553592,0.7363123412881147,tanh,32,380,SGD,0.868863566368956,tanh,0.9257695792553592,32,0.8526820883764235,0.7363123412881147,0.5603610277175903,380,SGD,0.8526820883764235,0.8439781668675126,0,30.0,30.0,,
14,0.9259080117483462,0.737579810903774,tanh,160,450,rmsprop,0.8468432399137665,tanh,0.9259080117483462,160,0.787413467589679,0.737579810903774,0.6963245272636414,450,rmsprop,0.787413467589679,0.8869355639044446,0,40.0,40.0,,
23,0.926141347927111,0.7378969504592415,sigmoid,32,370,adam,0.8629812134277794,sigmoid,0.926141347927111,32,0.8293098745226405,0.7378969504592415,0.5859043002128601,370,adam,0.8293098745226405,0.8620542992840434,0,40.0,40.0,,
43,0.9264953804242684,0.7418348637573233,tanh,32,450,adam,0.841268863566369,tanh,0.9264953804242684,32,0.7751890330116186,0.7418348637573233,0.6915874481201172,450,adam,0.7751890330116186,0.8938824696958957,0,80.0,80.0,,
41,0.926895597618965,0.7406643032562593,tanh,32,340,rmsprop,0.871296581459809,tanh,0.926895597618965,32,0.9247091033538672,0.7406643032562593,0.3548694252967834,340,rmsprop,0.9247091033538672,0.7661444672857447,0,20.0,20.0,,
35,0.9269826783952172,0.7376386921467998,tanh,64,480,rmsprop,0.8498306128734217,tanh,0.9269826783952172,64,0.7930662264270747,0.7376386921467998,0.6645231246948242,480,rmsprop,0.7930662264270747,0.8853760544410576,0,80.0,80.0,,
3,0.9271010759015588,0.7387540502761816,tanh,160,440,adam,0.8690175546658454,tanh,0.9271010759015588,160,0.8439681653169506,0.7387540502761816,0.554609477519989,440,adam,0.8439681653169506,0.8569504501311406,0,30.0,30.0,,
49,0.9273460586226566,0.7400425739991943,tanh,64,430,rmsprop,0.8747459193101325,tanh,0.9273460586226566,64,0.9077985377741672,0.7400425739991943,0.4311486482620239,430,rmsprop,0.9077985377741672,0.792159920606791,0,10.0,10.0,,
15,0.927422869055562,0.7391961788099937,tanh,96,140,adam,0.8727748691099476,tanh,0.927422869055562,96,0.8641939252336449,0.7391961788099937,0.5451805591583252,140,adam,0.8641939252336449,0.8390160913021903,0,30.0,30.0,,
21,0.9280409464634236,0.7411658689171199,tanh,128,250,adam,0.8751154912226671,tanh,0.9280409464634236,128,0.8740139901771097,0.7411658689171199,0.5097607970237732,250,adam,0.8740139901771097,0.8325653930672716,0,0.0,0.0,,
8,0.9288870231774028,0.7426646403304334,softmax,32,420,adam,0.8755158607945797,softmax,0.9288870231774028,32,0.8751397689153932,0.7426646403304334,0.483556866645813,420,adam,0.8751397689153932,0.83221095909832,0,10.0,10.0,,
2,0.9289286662252716,0.7436371131041896,tanh,32,230,rmsprop,0.8720049276255004,tanh,0.9289286662252716,32,0.8484975835259508,0.7436371131041896,0.5254800915718079,230,rmsprop,0.8484975835259508,0.8587226199758985,0,10.0,10.0,,
27,0.9303321286207076,0.7441405239911805,softmax,32,30,adam,0.8736064059131506,softmax,0.9303321286207076,32,0.8548421426037602,0.7441405239911805,0.5399704575538635,30,adam,0.8548421426037602,0.8541149783795279,0,0.0,0.0,,
39,0.937387285104936,0.7498535641281956,relu,128,70,adam,0.8755158607945797,relu,0.937387285104936,128,0.8580576307363927,0.7498535641281956,0.5563532710075378,70,adam,0.8580576307363927,0.8548947331112213,0,60.0,60.0,,
25,0.9448357874396932,0.7715711345038174,relu,64,90,rmsprop,0.8877425315676009,relu,0.9448357874396932,64,0.872472230133865,0.7715711345038174,0.5247581005096436,90,rmsprop,0.872472230133865,0.8685758843127526,0,70.0,70.0,,
22,0.958791350402918,0.8011984905849519,relu,128,260,rmsprop,0.9024946104096088,relu,0.958791350402918,128,0.9139614074914868,0.8011984905849519,0.4005647301673889,260,rmsprop,0.9139614074914868,0.8561706953994471,0,50.0,50.0,,
7,0.9682744403742796,0.8171059341349003,relu,32,470,adam,0.9094856790883892,relu,0.9682744403742796,32,0.8937940761636107,0.8171059341349003,0.4932243227958679,470,adam,0.8937940761636107,0.8984192244984759,0,80.0,80.0,,
48,0.9711335217556272,0.8295028195306192,relu,32,220,rmsprop,0.9121034801355096,relu,0.9711335217556272,32,0.9491498363534764,0.8295028195306192,0.2878309190273285,220,rmsprop,0.9491498363534764,0.8428439781668675,0,50.0,50.0,,
28,0.9730279667838142,0.8366887863342058,relu,32,430,rmsprop,0.9170927009547274,relu,0.9730279667838142,32,0.936253152946572,0.8366887863342058,0.3422045111656189,430,rmsprop,0.936253152946572,0.8682923371375912,0,60.0,60.0,,
37,0.974665570231756,0.8370770018384436,relu,64,280,rmsprop,0.9202956575300276,relu,0.974665570231756,64,0.9170226630946348,0.8370770018384436,0.4497274756431579,280,rmsprop,0.9170226630946348,0.897781243354363,0,10.0,10.0,,
12,0.9769730197173104,0.8447202257139279,relu,32,200,rmsprop,0.9166615337234372,relu,0.9769730197173104,32,0.9521694296819228,0.8447202257139279,0.307022750377655,200,rmsprop,0.9521694296819228,0.8509250726589637,0,20.0,20.0,,
32,0.9931294452650746,0.9107823051970744,relu,32,490,adam,0.9542038805050816,relu,0.9931294452650746,32,0.9435540559538872,0.9107823051970744,0.5679817795753479,490,adam,0.9435540559538872,0.9515134330474232,0,0.0,0.0,,
44,0.3262594891091531,0.0001089146653596,sigmoid,128,8,SGD,0.4344625808438558,sigmoid,0.3262594891091531,128,0.6057496189106211,0.0001089146653596,0.5055609345436096,8,SGD,0.4344625808438558,1.0,0,0.6000000000000001,0.6000000000000001,200.0,200.0
19,0.352047983476471,0.0061238345693626,sigmoid,64,8,rmsprop,0.4344625808438558,sigmoid,0.352047983476471,64,0.6057496189106211,0.0061238345693626,0.5208158493041992,8,rmsprop,0.4344625808438558,1.0,0,0.1,0.1,70.0,70.0
37,0.3860044137731832,0.0019798504317603,sigmoid,32,8,SGD,0.4344625808438558,sigmoid,0.3860044137731832,32,0.6057496189106211,0.0019798504317603,0.5325819849967957,8,SGD,0.4344625808438558,1.0,0,0.6000000000000001,0.6000000000000001,160.0,160.0
30,0.3886964848183576,0.022111167146022,sigmoid,32,7,SGD,0.4344625808438558,sigmoid,0.3886964848183576,32,0.6057496189106211,0.022111167146022,0.5432735085487366,7,SGD,0.4344625808438558,1.0,0,0.5,0.5,200.0,200.0
16,0.3938096874920006,0.0,sigmoid,128,7,SGD,0.4344625808438558,sigmoid,0.3938096874920006,128,0.6057496189106211,0.0,0.0,7,SGD,0.4344625808438558,1.0,0,0.1,0.1,440.0,440.0
11,0.4112985670417807,0.0,sigmoid,128,10,adam,0.5655374191561441,sigmoid,0.4112985670417807,128,0.0,0.0,0.0,10,adam,0.0,0.0,0,0.3,0.3,180.0,180.0
38,0.4523849047825292,0.0101399576611706,sigmoid,96,9,SGD,0.4344625808438558,sigmoid,0.4523849047825292,96,0.6057496189106211,0.0101399576611706,0.538280725479126,9,SGD,0.4344625808438558,1.0,0,0.8,0.8,180.0,180.0
8,0.4998774391539482,0.0558856419329969,sigmoid,128,8,rmsprop,0.4344625808438558,sigmoid,0.4998774391539482,128,0.6057496189106211,0.0558856419329969,0.5034676790237427,8,rmsprop,0.4344625808438558,1.0,0,0.5,0.5,80.0,80.0
40,0.5027301008468966,0.0159145040490958,sigmoid,128,10,adam,0.5655374191561441,sigmoid,0.5027301008468966,128,0.0,0.0159145040490958,0.4914909601211548,10,adam,0.0,0.0,0,0.6000000000000001,0.6000000000000001,440.0,440.0
21,0.5045363185880348,0.0287353591005574,sigmoid,96,7,rmsprop,0.5655374191561441,sigmoid,0.5045363185880348,96,0.0,0.0287353591005574,0.4997036457061767,7,rmsprop,0.0,0.0,0,0.7000000000000001,0.7000000000000001,10.0,10.0
1,0.5466425355868361,0.1179139258447857,sigmoid,128,9,SGD,0.4344625808438558,sigmoid,0.5466425355868361,128,0.6057496189106211,0.1179139258447857,0.5036138296127319,9,SGD,0.4344625808438558,1.0,0,0.1,0.1,60.0,60.0
47,0.5998599052593736,0.178652006800577,sigmoid,64,7,rmsprop,0.4344625808438558,sigmoid,0.5998599052593736,64,0.6057496189106211,0.178652006800577,0.5024641156196594,7,rmsprop,0.4344625808438558,1.0,0,0.2,0.2,30.0,30.0
29,0.6876301282515929,0.2893770242888235,sigmoid,160,8,SGD,0.4344625808438558,sigmoid,0.6876301282515929,160,0.6057496189106211,0.2893770242888235,0.5567495226860046,8,SGD,0.4344625808438558,1.0,0,0.2,0.2,300.0,300.0
3,0.7634536218876338,0.4363460004517098,sigmoid,128,8,adam,0.5655374191561441,sigmoid,0.7634536218876338,128,0.0,0.4363460004517098,0.4937672019004822,8,adam,0.0,0.0,0,0.8,0.8,320.0,320.0
12,0.8281322527303083,0.5401066519857697,tanh,32,5,SGD,0.7296273483215275,tanh,0.8281322527303083,32,0.6272345123349327,0.5401066519857697,0.476911187171936,5,SGD,0.7820838627700127,0.5235698589352804,0,0.8,0.8,380.0,380.0
36,0.8308860307622898,0.5351918535845028,sigmoid,32,4,SGD,0.4344625808438558,sigmoid,0.8308860307622898,32,0.6057496189106211,0.5351918535845028,0.5713770389556885,4,SGD,0.4344625808438558,1.0,0,0.4,0.4,460.0,460.0
42,0.8312681682151839,0.523928045121384,tanh,96,6,adam,0.7577764089929165,tanh,0.8312681682151839,96,0.7382434186441242,0.523928045121384,0.5014854073524475,6,adam,0.6957967377666249,0.7862054299284044,0,0.7000000000000001,0.7000000000000001,40.0,40.0
48,0.8386175166675743,0.5492892769921869,tanh,160,10,SGD,0.4378811210348013,tanh,0.8386175166675743,160,0.6068920956278269,0.5492892769921869,0.5111733078956604,10,SGD,0.4358815703987872,0.9987240377117744,0,0.7000000000000001,0.7000000000000001,360.0,360.0
39,0.8521720208894575,0.5676716783433,sigmoid,32,3,SGD,0.4344625808438558,sigmoid,0.8521720208894575,32,0.6057496189106211,0.5676716783433,0.527264416217804,3,SGD,0.4344625808438558,1.0,0,0.6000000000000001,0.6000000000000001,120.0,120.0
33,0.8613286139243057,0.566728551613567,tanh,160,8,SGD,0.774869109947644,tanh,0.8613286139243057,160,0.7562683382235262,0.566728551613567,0.6774067282676697,8,SGD,0.7139439723009128,0.8039271283759836,0,0.3,0.3,90.0,90.0
45,0.8715303152451878,0.5972308807270883,sigmoid,96,8,adam,0.5655374191561441,sigmoid,0.8715303152451878,96,0.0,0.5972308807270883,0.4908557832241058,8,adam,0.0,0.0,0,0.4,0.4,410.0,410.0
7,0.8860743470714625,0.6150945534981451,relu,128,2,SGD,0.8047120418848167,relu,0.8860743470714625,128,0.7860011474469306,0.6150945534981451,0.4818615913391113,2,SGD,0.7501288327750579,0.8254767136882398,0,0.5,0.5,90.0,90.0
10,0.8917541866492014,0.6204948779900389,sigmoid,32,1,SGD,0.8015090853095165,sigmoid,0.8917541866492014,32,0.7894272552030581,0.6204948779900389,0.5209259390830994,1,SGD,0.7321818181818182,0.856383355780818,0,0.6000000000000001,0.6000000000000001,280.0,280.0
17,0.8945830263956007,0.6508717780503643,relu,128,10,rmsprop,0.7399753618724977,relu,0.8945830263956007,128,0.5779555111222194,0.6508717780503643,0.3061940670013428,10,rmsprop,0.9801627670396744,0.4097965549018217,0,0.4,0.4,20.0,20.0
4,0.8992281245382955,0.6425713525686267,relu,128,1,SGD,0.8129350169387126,relu,0.8992281245382955,128,0.7958182062659674,0.6425713525686267,0.584816575050354,1,SGD,0.7567930439230228,0.8390869780959808,0,0.6000000000000001,0.6000000000000001,490.0,490.0
46,0.9120548665559678,0.6830438437965742,sigmoid,32,8,adam,0.8314752078842008,sigmoid,0.9120548665559678,32,0.8150101419878296,0.6830438437965742,0.5497061610221863,8,adam,0.7790344471014025,0.8544694123484795,0,0.0,0.0,350.0,350.0
49,0.91690627680729,0.7065288049584824,sigmoid,96,4,rmsprop,0.8365876193409301,sigmoid,0.91690627680729,96,0.8223397843701868,0.7065288049584824,0.7159188985824585,4,rmsprop,0.7792372612475411,0.8704898277450911,0,0.0,0.0,20.0,20.0
32,0.922766597257984,0.7240738480960669,sigmoid,32,1,rmsprop,0.8497998152140437,sigmoid,0.922766597257984,32,0.8341438530862099,0.7240738480960669,0.6685158610343933,1,rmsprop,0.8016734213622696,0.869355639044446,0,0.8,0.8,500.0,500.0
27,0.9237838901112096,0.7314975749887642,sigmoid,160,1,rmsprop,0.8233138281490606,sigmoid,0.9237838901112096,160,0.8154652771076587,0.7314975749887642,0.7351343631744385,1,rmsprop,0.7464374043104464,0.8985609980860566,0,0.3,0.3,370.0,370.0
22,0.92738714385635,0.7413552632359643,tanh,128,9,SGD,0.8518016630736064,tanh,0.92738714385635,128,0.8394822870104743,0.7413552632359643,0.6858515739440918,9,SGD,0.7928296893705501,0.891968526263557,0,0.0,0.0,100.0,100.0
25,0.927739946846138,0.7416094643671026,tanh,128,6,adam,0.8755774561133354,tanh,0.927739946846138,128,0.85124088666323,0.7416094643671026,0.3066731095314026,6,adam,0.8856792582943835,0.8193804494222726,0,0.6000000000000001,0.6000000000000001,120.0,120.0
28,0.9279450313775492,0.7414601207200207,tanh,32,2,SGD,0.8615029257776409,tanh,0.9279450313775492,32,0.845913996916224,0.7414601207200207,0.6221780776977539,2,SGD,0.8186762170049078,0.8750265825476714,0,0.0,0.0,230.0,230.0
9,0.9286830060205212,0.7427294355618103,tanh,96,7,adam,0.8771173390822298,tanh,0.9286830060205212,96,0.8527240513804814,0.7427294355618103,0.2293062955141067,7,adam,0.8895648825567963,0.8188133550719501,0,0.5,0.5,100.0,100.0
23,0.92903716783792,0.7409668701576639,tanh,96,2,rmsprop,0.8647674776716969,tanh,0.92903716783792,96,0.8485183013074826,0.7409668701576639,0.640084981918335,2,rmsprop,0.826478494623656,0.8717657900333168,0,0.5,0.5,160.0,160.0
24,0.9304709181919728,0.7440722274625229,tanh,128,4,adam,0.8767477671696952,tanh,0.9304709181919728,128,0.8536852880959345,0.7440722274625229,0.4766713380813598,4,adam,0.8814647036617591,0.8276033175019494,0,0.6000000000000001,0.6000000000000001,250.0,250.0
43,0.932864118578462,0.7460923061401085,relu,32,3,SGD,0.8751770865414229,relu,0.932864118578462,32,0.8560877747399069,0.7460923061401085,0.5052440762519836,3,SGD,0.8576408651109846,0.8545402991422698,0,0.3,0.3,300.0,300.0
31,0.9457747797820086,0.7980351746501321,relu,96,6,rmsprop,0.8959039113027409,relu,0.9457747797820086,96,0.8716000607810364,0.7980351746501321,0.3496229946613312,6,rmsprop,0.939019399197839,0.8132132983625151,0,0.7000000000000001,0.7000000000000001,410.0,410.0
26,0.9501420980462756,0.7697681285370316,tanh,96,7,adam,0.8883892824145365,tanh,0.9501420980462756,96,0.8680742628321806,0.7697681285370316,0.3894681632518768,7,adam,0.8922397665194941,0.845183242361948,0,0.4,0.4,170.0,170.0
15,0.9523785294876458,0.7788274322171719,tanh,128,2,rmsprop,0.8776101016322759,tanh,0.9523785294876458,128,0.8660509640016179,0.7788274322171719,0.6477835774421692,2,rmsprop,0.8255896150632993,0.9106826398242008,0,0.1,0.1,500.0,500.0
20,0.9571557851963924,0.7998719505712868,relu,32,7,SGD,0.8838004311672313,relu,0.9571557851963924,32,0.8506038408235993,0.7998719505712868,0.213359922170639,7,SGD,0.963491209185504,0.7613950521017935,0,0.0,0.0,310.0,310.0
2,0.959927727896902,0.8007497261856207,relu,160,1,rmsprop,0.9016938712657838,relu,0.959927727896902,160,0.8836310608822457,0.8007497261856207,0.4183330535888672,1,rmsprop,0.9096299632214968,0.8590770539448501,0,0.3,0.3,250.0,250.0
41,0.9604592669014635,0.8021477204580155,relu,128,8,adam,0.8509393286110256,relu,0.9604592669014635,128,0.795418040409164,0.8021477204580155,0.0907908678054809,8,adam,0.9851324468642026,0.6669738427730914,0,0.6000000000000001,0.6000000000000001,280.0,280.0
18,0.9688607378153667,0.819883813985595,tanh,64,9,rmsprop,0.9106867878041268,tanh,0.9688607378153667,64,0.8976133314503602,0.819883813985595,0.5303996801376343,9,rmsprop,0.8941408173313639,0.901112922662508,0,0.3,0.3,120.0,120.0
5,0.9690093016806948,0.8182214814192619,relu,160,2,adam,0.909855251000924,relu,0.9690093016806948,160,0.8938377280475862,0.8182214814192619,0.4203341603279114,2,adam,0.9151812240047534,0.8734670730842844,0,0.0,0.0,50.0,50.0
6,0.969193822363578,0.8216185118428061,relu,160,1,adam,0.9125038497074224,relu,0.969193822363578,160,0.8983578405066008,0.8216185118428061,0.4855495691299438,1,adam,0.9068910719445248,0.8899836960374282,0,0.1,0.1,320.0,320.0
13,0.9777933481921904,0.8465176844214054,relu,160,3,adam,0.9241761626116416,relu,0.9777933481921904,160,0.9120400142908182,0.8465176844214054,0.4463824927806854,3,adam,0.9193978246776632,0.9047990359396044,0,0.5,0.5,350.0,350.0
34,0.978495481826779,0.85019476072283,relu,160,5,rmsprop,0.9047736372035724,relu,0.978495481826779,160,0.8795387252610254,0.85019476072283,0.2787547409534454,5,rmsprop,0.9763861257676671,0.8001701283050967,0,0.2,0.2,300.0,300.0
0,0.9789263228266892,0.8638868057070805,tanh,32,5,rmsprop,0.93002771789344,tanh,0.9789263228266892,32,0.9157957156622932,0.8638868057070805,0.3390519320964813,5,rmsprop,0.9596116504854368,0.8758063372793649,0,0.0,0.0,310.0,310.0
14,0.9857604787390556,0.872884815453125,relu,96,4,rmsprop,0.934955343393902,relu,0.9857604787390556,96,0.922077922077922,0.872884815453125,0.3698426485061645,4,rmsprop,0.9614526429175964,0.8858013752037995,0,0.1,0.1,360.0,360.0
35,0.9864317125565718,0.8795143925341287,relu,64,7,rmsprop,0.9414228518632584,relu,0.9864317125565718,64,0.9318474989250394,0.8795143925341287,0.4684942662715912,7,rmsprop,0.942178103036012,0.9217409796554902,0,0.1,0.1,440.0,440.0
4,0.3755951515347759,0.0228763608045697,sigmoid,64,5,SGD,0.43446258084385586,sigmoid,0.3755951515347759,64,0.6057496189106211,0.0228763608045697,0.5005226135253906,5,SGD,0.43446258084385586,1.0,0,0.4,0.4,43.0,43.0
7,0.8501067959365696,0.564229026826851,sigmoid,32,3,rmsprop,0.6042192793347706,sigmoid,0.8501067959365696,32,0.6774914046226818,0.564229026826851,0.5008732080459595,3,rmsprop,0.5243978243978245,0.9568299425816971,0,0.8,0.8,16.0,16.0
6,0.8920306829759796,0.6261453580126847,tanh,64,4,SGD,0.8070526639975362,tanh,0.8920306829759796,64,0.7896874685286516,0.6261453580126847,0.6552839279174805,4,SGD,0.7500318836883051,0.833770468561707,0,0.6000000000000001,0.6000000000000001,100.0,100.0
0,0.9042968005157028,0.6563130526652513,sigmoid,160,2,adam,0.8261472128118263,sigmoid,0.9042968005157028,160,0.8061536348339686,0.6563130526652513,0.5528611540794373,2,adam,0.781803649926735,0.8320691855107394,0,0.7000000000000001,0.7000000000000001,160.0,160.0
9,0.9203685579782848,0.7160228446869963,sigmoid,160,2,adam,0.8516168771173391,sigmoid,0.9203685579782848,160,0.8336440853532214,0.7160228446869963,0.6492841243743896,2,adam,0.8126556714910804,0.8557453746367052,0,0.4,0.4,118.0,118.0
3,0.9256365878632737,0.7367550141250323,sigmoid,96,5,adam,0.8730520480443487,sigmoid,0.9256365878632737,96,0.842623701893708,0.7367550141250323,0.3709906339645386,5,adam,0.913115432354158,0.7822357694761466,0,0.2,0.2,136.0,136.0
2,0.9481836703810643,0.7926642077831785,relu,160,3,adam,0.8987680936248845,relu,0.9481836703810643,160,0.8783898775389397,0.7926642077831785,0.38038092851638794,3,adam,0.9186658412010524,0.8414971290848515,0,0.6000000000000001,0.6000000000000001,175.0,175.0
1,0.9704130362276836,0.8277134867666656,relu,32,1,rmsprop,0.9161379735140129,relu,0.9704130362276836,32,0.9026213210313628,0.8277134867666656,0.49709203839302063,1,rmsprop,0.910796766743649,0.8945913376337988,0,0.5,0.5,121.0,121.0
5,0.9856405660627223,0.8792814230844065,tanh,32,4,adam,0.9327071142593163,tanh,0.9856405660627223,32,0.9241082282657775,0.8792814230844065,0.5910392999649048,4,adam,0.9059520566603105,0.9430070177925852,0,0.0,0.0,145.0,145.0
8,0.9932949037583514,0.912896359156914,relu,128,4,rmsprop,0.9578072066522945,relu,0.9932949037583514,128,0.9510364546104361,0.912896359156914,0.521221399307251,4,rmsprop,0.9590571613926332,0.9431487913801658,0,0.1,0.1,136.0,136.0
